#,Música,Artista,Popularidade,BPM,Gêneros,Álbum,Data do Álbum,Duração,Duração_segundos,Dançabilidade,Energia,Acústica,Instrumentalidade,Valência,Fala,Ao Vivo,Volume (dB),Tom,Compasso,Adicionado em,Spotify ID,Camelot,ISRC,Gêneros_lista
1,Sympathy is a knife,Charli xcx,69,132,"hyperpop, art pop",BRAT,2024-06-07,02:31,151,72,71,5,0,58,0,40,-6,G Minor,4,2025-08-22,5c9tBmJKbTdn1vhzXHeAwW,6A,USAT22401343,"['hyperpop', 'art pop']"
2,Juno,Sabrina Carpenter,83,131,pop,Short n' Sweet,2024-08-23,03:43,223,63,73,5,0,64,0,20,-4,F Major,4,2025-08-22,21B4gaTWnTkuSh77iWEXdS,7B,USUM72404107,['pop']
3,16 CARRIAGES,Beyoncé,63,127,"pop, country",COWBOY CARTER,2024-03-29,03:47,227,53,46,38,0,34,0,10,-7,C♯/D♭ Major,4,2025-08-22,6XXxKsu3RJeN3ZvbMYrgQW,3B,USSM12401304,"['pop', 'country']"
4,CHIHIRO,Billie Eilish,87,110,pop,HIT ME HARD AND SOFT,2024-05-17,05:03,303,70,43,14,88,52,0,0,-13,G Major,4,2025-08-22,7BRD7x5pt8Lqa1eGYC4dzj,9B,USUM72401988,['pop']
5,we can't be friends (wait for your love),Ariana Grande,79,116,pop,eternal sunshine,2024-03-08,03:48,228,65,65,6,0,30,0,0,-8,F Major,4,2025-08-22,46kspZSY3aKmwQe7O77fCC,7B,USUM72317276,['pop']
6,Fortnight (feat. Post Malone),"Taylor Swift,Post Malone",83,192,pop,THE TORTURED POETS DEPARTMENT,2024-04-18,03:48,228,50,39,50,0,28,0,10,-11,B Major,4,2025-08-22,2OzhQlSqBEmt7hmkYxfT6m,1B,USUG12401028,['pop']
7,Happy Mistake,Lady Gaga,54,83,"art pop, pop",Harlequin,2024-09-27,04:05,245,42,29,19,0,16,0,10,-8,C Major,4,2025-08-22,5DQIZ8XC0EP7cfRFrtzY5h,8B,USUG12405111,"['art pop', 'pop']"
8,Juna,Clairo,80,142,bedroom pop,Charm,2024-07-12,03:15,195,61,71,24,10,45,0,10,-6,D#/E♭ Major,4,2025-08-22,2mWfVxEo4xZYDaz0v7hYrN,5B,USA2P2416229,['bedroom pop']
9,Floating On A Moment,Beth Gibbons,45,140,pop,Lives Outgrown,2024-05-17,05:26,326,48,42,60,4,16,0,0,-11,A Minor,4,2025-08-22,0WH39BFVGotzXe3torfzvK,8A,GBCEL2100652,['pop']
10,Water,Tyla,45,117,"afrobeats, pop",TYLA,2023-12-01,03:20,200,67,72,9,0,52,0,10,-3,D#/E♭ Minor,4,2025-08-22,4WzfrBu4t3LVv1BSKWugbW,2A,USSM12305126,"['afrobeats', 'pop']"
11,Image,Magdalena Bay,69,128,pop,Imaginal Disk,2024-08-23,03:32,212,61,86,0,17,85,0,10,-6,F Minor,3,2025-08-22,0QW0KPBXXv67haGjbtkRRB,4A,USQE92400097,['pop']
12,Igual Que Un Ángel (with Peso Pluma),"Kali Uchis,Peso Pluma",77,108,"corrido, corridos tumbados, corridos bélicos, música mexicana, sierreño triste, banda music, corridos eletro, pop",ORQUÍDEAS,2024-01-12,04:20,260,70,59,0,0,48,0,10,-5,F Minor,4,2025-08-22,6XaJfhwof7qIgbbXO5tIQI,4A,USUM72315072,"['corrido', 'corridos tumbados', 'corridos bélicos', 'música mexicana', 'sierreño triste', 'banda music', 'corridos eletro', 'pop']"
13,Free Fall (feat. J. Cole),"Tems,J. Cole",65,92,"afrobeats, r&b afro, alté, afrobeat, rap, pop",Born in the Wild,2024-06-06,03:12,192,74,53,47,4,80,0,10,-7,A Minor,4,2025-08-22,3cuUZnjDwk4cUJCFinYbAC,8A,USRC12401742,"['afrobeats', 'r&b afro', 'alté', 'afrobeat', 'rap', 'pop']"
14,HE KNOWS (feat. Lil Nas X),"Camila Cabello,Lil Nas X",58,125,pop,"C,XOXO",2024-06-28,03:01,181,75,69,8,0,45,10,10,-7,A#/B♭ Minor,4,2025-08-22,5TdrCQVt3l1uEz3pFdTgXC,3A,USUG12402116,['pop']
15,Puntería,"Shakira,Cardi B",64,120,"pop latino, ",Las Mujeres Ya No Lloran,2024-03-22,03:01,181,86,73,2,0,81,0,10,-4,F Minor,4,2025-08-23,2dYXrWkNO40NXy2Q3IYLRc,4A,USQX92400523,"['pop latino', '']"
16,I Had Some Help (Feat. Morgan Wallen),"Post Malone,Morgan Wallen",84,128,"country, pop",F-1 Trillion,2024-08-15,02:58,178,64,87,1,0,75,0,20,-5,C Major,4,2025-08-22,5IZXB5IKAD2qlvTPJYDCFB,8B,USUM72404990,"['country', 'pop']"
17,No Angels,Justin Timberlake,51,112,pop,Everything I Thought It Was,2024-03-15,03:28,208,85,65,14,0,65,0,0,-6,A#/B♭ Minor,4,2025-08-22,3Llg6UrxeStZxQJNjEQrlM,3A,USRC12400002,['pop']
18,Deeper Well,Kacey Musgraves,67,110,"pop, country",Deeper Well,2024-03-15,03:52,232,45,53,46,0,35,0,10,-8,C Major,4,2025-08-22,333XFHKsHU0pOocFzBgrJi,8B,USUM72316291,"['pop', 'country']"
19,ARTIFICIAL (feat. JID),"Katy Perry,JID",52,129,"pop, ",143,2024-09-20,02:43,163,72,51,1,0,14,0,30,-7,C Minor,4,2025-08-22,3UxPCKSa8fPIhP7KMSD0HW,5A,USUM72407749,"['pop', '']"
20,Houdini,Dua Lipa,81,117,pop,Radical Optimism,2024-05-03,03:05,185,74,79,0,0,87,0,0,-5,A Minor,4,2025-08-22,6D8y7Bck8h11byRY88Pt2z,8A,GBAHT2301246,['pop']
21,Can't Get Enough,Jennifer Lopez,30,100,pop,This Is Me...Now (Deluxe),2024-02-16,03:06,186,77,75,0,0,64,0,0,-3,C Major,4,2025-08-22,6SSZfUwJuFmPvLssmMhTMj,8B,QMRSZ2301148,['pop']
22,Little Wing,Sia,40,160,pop,Reasonable Woman,2024-05-03,03:18,198,51,69,0,0,14,0,10,-4,F#/G♭ Minor,4,2025-08-22,4ZK786lHXz8nZ8NwODGc6L,11A,USAT22400523,['pop']
23,Ruined,Adrianne Lenker,47,109,pop,Bright Future,2024-03-22,04:32,272,40,13,98,0,16,0,0,-12,F Major,4,2025-08-22,3cGZNocKeVtXgjugVYuMyi,7B,GBAFL2300323,['pop']
24,Can't Tame Her,Zara Larsson,50,182,pop,VENUS,2024-02-09,03:16,196,57,91,1,0,55,10,10,-3,F#/G♭ Minor,4,2025-08-22,1G1kKHczSz6Xqv5dCmtkL4,11A,USSM12210918,['pop']
25,Stardust,ZAYN,59,120,pop,ROOM UNDER THE STAIRS,2024-05-17,03:52,232,63,66,39,0,65,0,10,-6,A Major,4,2025-08-22,4266h07udCdZ83jswW10IG,11B,USUG12401420,['pop']
26,reincarnated,Kendrick Lamar,72,91,"hip hop, west coast hip hop, rap",GNX,2024-11-22,04:35,275,85,78,5,0,75,20,30,-5,G Major,4,2025-08-22,0RgjEkSbeuStKfT2Pa4Zai,9B,USUG12408500,"['hip hop', 'west coast hip hop', 'rap']"
27,Trae The Truth in Ibiza,J. Cole,63,158,rap,Might Delete Later,2024-04-05,04:15,255,49,59,12,0,53,10,30,-8,G Major,3,2025-08-22,4E2fOeF5A6onC10OtnjXJa,9B,USUG12402412,['rap']
28,Like That,"Future,Metro Boomin,Kendrick Lamar",82,162,"rap, hip hop, west coast hip hop",WE DON'T TRUST YOU,2024-03-22,04:27,267,81,68,1,0,31,20,10,-5,B Minor,4,2025-08-22,2tudvzsrR56uom6smgOcSf,10A,USSM12402041,"['rap', 'hip hop', 'west coast hip hop']"
29,Show of Hands,"Future,Metro Boomin,A$AP Rocky",59,137,rap,WE STILL DON'T TRUST YOU,2024-04-12,03:33,213,78,72,4,0,38,30,40,-4,G#/A♭ Minor,4,2025-08-22,0cGn4vxyoBftN61XUv2aQk,1A,USSM12403211,['rap']
30,LIL DEMON,Future,74,131,rap,MIXTAPE PLUTO,2024-09-20,02:19,139,86,75,0,0,30,0,0,-6,B Major,4,2025-08-22,3aCPResPDNae3pXTocGpYe,1B,USSM12406727,['rap']
31,BURN,"¥$,Kanye West,Ty Dolla $ign",72,105,"rap, trap soul",VULTURES 1,2024-02-09,01:51,111,60,88,2,0,72,30,80,-6,E Minor,4,2025-08-22,7BPadP3q9qwMkho3IMPU99,9A,QZ7XS2400009,"['rap', 'trap soul']"
32,SLIDE,"¥$,Kanye West,Ty Dolla $ign",57,108,"rap, trap soul",VULTURES 2,2024-08-03,03:17,197,75,80,3,0,44,0,10,-6,A#/B♭ Minor,4,2025-08-22,5MGMXOhVvwzCjFgdQsFokR,3A,TLVEM2467039,"['rap', 'trap soul']"
33,COLE PIMP (with Ty Dolla $ign & Juicy J),"Denzel Curry,Ty Dolla $ign,Juicy J",52,156,"trap soul, crunk, rap",King Of The Mischievous South Vol. 2,2024-07-19,03:38,218,58,82,60,0,76,10,10,-6,G#/A♭ Minor,4,2025-08-22,4vdDAdLtmTqFR1J4AO4cBf,1A,USC4R2443043,"['trap soul', 'crunk', 'rap']"
34,Like Him (feat. Lola Young),"Tyler, The Creator,Lola Young",86,96,rap,CHROMAKOPIA,2024-10-28,04:38,278,39,56,29,0,19,0,10,-7,E Minor,3,2025-08-22,6jbYpRPTEFl1HFKHk1IC0m,9A,USQX92405794,['rap']
35,either on or off the drugs,JPEGMAFIA,64,184,"rap experimental, hip hop alternativo, experimental",I LAY DOWN MY LIFE FOR YOU,2024-08-01,02:20,140,51,61,15,0,63,10,70,-6,F#/G♭ Minor,3,2025-08-22,3EWaU5exMayFzQMkIfTX7w,11A,QM7282468581,"['rap experimental', 'hip hop alternativo', 'experimental']"
36,Étouffée,Vince Staples,55,135,rap,Dark Times,2024-05-24,04:28,268,55,71,15,7,47,40,20,-8,G Minor,5,2025-08-22,592A3x9nMXoL3Ay5rKgSwW,6A,USUM72404697,['rap']
37,THank god 4 me,ScHoolboy Q,58,136,rap,BLUE LIPS,2024-03-01,02:57,177,73,57,64,0,42,10,10,-8,C♯/D♭ Major,4,2025-08-22,7CwO2esrH095tjxmJVMY2E,3B,USUM72401064,['rap']
38,Cosmo Freestyle,Freddie Gibbs,50,77,"hip hop alternativo, rap",You Only Die 1nce,2024-10-31,03:04,184,73,83,21,0,65,20,10,-5,A Minor,4,2025-08-22,7rOMXlhgozetHpzmJciBjm,8A,QMDA62478842,"['hip hop alternativo', 'rap']"
39,DENIAL IS A RIVER,Doechii,81,93,rap,Alligator Bites Never Heal,2024-08-30,02:39,159,83,64,9,0,62,30,0,-3,F#/G♭ Minor,4,2025-08-22,1eTaznNW4Xxtx9za2SMTXB,11A,USUG12405664,['rap']
40,3:AM (feat. Erykah Badu),"Rapsody,Erykah Badu",41,89,"neo soul, r&b, rap",Please Don't Cry,2024-05-17,03:33,213,53,59,65,0,64,30,10,-6,F Minor,4,2025-08-22,44BRidSOFkXcKH3oZzHKdR,4A,QMJMT2405253,"['neo soul', 'r&b', 'rap']"
41,Still Praying,"Westside Gunn,DJ Drama,Stove God Cooks,Benny The Butcher,Conway the Machine,Boldy James",37,127,"boom bap, hip hop alternativo, jazz rap, southern hip hop, east coast hip hop, rap experimental",Still Praying,2024-11-01,06:57,417,50,56,9,0,5,0,10,-7,C Major,4,2025-08-22,4iRh9CuSqd3aF2jSA1v6Xj,8B,QZS7J2415851,"['boom bap', 'hip hop alternativo', 'jazz rap', 'southern hip hop', 'east coast hip hop', 'rap experimental']"
42,redrum,21 Savage,79,172,rap,american dream,2024-01-12,04:30,270,63,73,1,0,24,0,30,-9,D Major,4,2025-08-22,52eIcoLUM25zbQupAZYoFh,10B,USSM12309164,['rap']
43,Lithonia,Childish Gambino,59,140,rap,Lithonia,2024-07-02,02:59,179,42,38,9,0,17,0,10,-8,C♯/D♭ Major,4,2025-08-22,4JfpJrrGNXRj2yXm1fYV23,3B,USRC12402124,['rap']
44,Fuel,"Eminem,JID",71,138,"rap, hip hop, ",The Death of Slim Shady (Coup De Grâce),2024-07-12,03:33,213,89,66,12,0,12,10,10,-5,C♯/D♭ Major,4,2025-08-22,5In8B6Om5OKrhwBMB4tXSi,3B,USUG12403410,"['rap', 'hip hop', '']"
45,Dreamin',"Common,Pete Rock",39,89,"hip hop, jazz rap, neo soul, east coast hip hop, boom bap",The Auditorium Vol. 1,2024-07-12,04:00,240,64,87,7,0,60,20,40,-3,D Major,4,2025-08-22,7qiCLJzwFyyyjckrYHVkOh,10B,USC4R2443030,"['hip hop', 'jazz rap', 'neo soul', 'east coast hip hop', 'boom bap']"
46,WalkOnBy (feat. Earl Sweatshirt & Rae Khalil),"NxWorries,Anderson .Paak,Knxwledge,Earl Sweatshirt,Rae Khalil",47,152,"rap experimental, hip hop alternativo, ",Why Lawd?,2024-06-14,03:47,227,60,73,5,0,71,20,10,-11,G Minor,4,2025-08-22,36dXojpK4JbefZoCLRVVMF,6A,US2S72400018,"['rap experimental', 'hip hop alternativo', '']"
47,one of wun,Gunna,80,140,rap melódico,One of Wun,2024-05-10,02:24,144,92,45,9,0,29,20,10,-5,A#/B♭ Minor,4,2025-08-22,4Na2HfNSr58chvfX69fy36,3A,USAT22403437,['rap melódico']
48,Banded Up - feat. Tierra Whack,"Chief Keef,Tierra Whack",40,155,"drill de chicago, drill, r&b alternativo, rap",Almighty So 2,2024-05-10,04:26,266,65,69,0,0,19,0,30,-5,C♯/D♭ Major,4,2025-08-22,7tmgmrJYAGshsUHUNWPMlO,3B,QMRSZ2203237,"['drill de chicago', 'drill', 'r&b alternativo', 'rap']"
49,Good Good,"USHER,Summer Walker,21 Savage",55,141,"r&b, , rap",COMING HOME,2024-02-09,04:07,247,74,68,4,0,57,10,10,-5,G Minor,4,2025-08-22,3jK1QRugwuAKAKOrtac7a2,6A,QZS7J2331813,"['r&b', '', 'rap']"
50,BLUE SKY,Kid Cudi,50,90,rap,INSANO,2024-01-12,03:41,221,66,60,57,1,40,0,0,-7,C♯/D♭ Minor,4,2025-08-22,74uNMBwFmCG9OXHg5LX16K,12A,USUM72312226,['rap']
51,Fire in These Hills,Imagine Dragons,66,125,rock,LOOM,2024-06-28,03:39,219,66,52,15,0,27,0,10,-8,C♯/D♭ Major,4,2025-08-22,2Morv8EWzWFsfbqG8vdUfy,3B,USUM72404005,['rock']
52,Next Semester,Twenty One Pilots,68,175,rock,Clancy,2024-05-24,03:54,234,23,82,2,0,13,10,10,-5,E Major,4,2025-08-22,1BANPzYIhCQkJ1ZFq2Fb0O,12B,USAT22402063,['rock']
53,WE PRAY,"Coldplay,Little Simz,Burna Boy,Elyanna,TINI",69,136,"afrobeats, afrobeat, afropop, afroswing, dancehall, afropiano, pop latino, rock",Moon Music,2024-10-04,03:53,233,75,52,7,0,67,0,0,-8,F Minor,4,2025-08-23,7xrEnNo99wrmIs8ZK3RZMK,4A,GBAYE2400890,"['afrobeats', 'afrobeat', 'afropop', 'afroswing', 'dancehall', 'afropiano', 'pop latino', 'rock']"
54,Scared Of Fear,Pearl Jam,46,168,"grunge, rock, post-grunge",Dark Matter,2024-04-19,04:24,264,26,92,0,0,36,10,10,-4,G Minor,4,2025-08-22,5zAga8KU22nzojKc6ZBWOV,6A,USUG12309751,"['grunge', 'rock', 'post-grunge']"
55,Dilemma,Green Day,61,120,"punk, pop punk, rock",Saviors,2024-01-19,03:18,198,55,89,0,0,67,0,20,-3,D Major,4,2025-08-22,4NrGMEm5SvvpJ9Tk1Rq3cP,10B,USRE12201093,"['punk', 'pop punk', 'rock']"
56,The Emptiness Machine,Linkin Park,79,184,"nu metal, rap metal, rock, metal alternativo",The Emptiness Machine,2024-09-05,03:10,190,47,87,2,0,81,0,10,-3,G Major,4,2025-08-22,2PnlsTsOTLE5jnBnNe2K0A,9B,USWB12403464,"['nu metal', 'rap metal', 'rock', 'metal alternativo']"
57,Waves,Bon Jovi,37,160,"glam metal, rock",Forever,2024-06-07,03:52,232,43,78,1,0,34,0,10,-6,B Minor,4,2025-08-22,3fRs5XDtcKe3TzFTlsqIOv,10A,USUG12401207,"['glam metal', 'rock']"
58,BYE BYE,Kim Gordon,35,146,noise rock,The Collective,2024-03-08,04:14,254,59,42,0,56,4,0,10,-9,G Minor,4,2025-08-22,3b34EvMAFHcdRBujeo9e6t,6A,USMTD2300380,['noise rock']
59,Hope,Vampire Weekend,43,148,"indie, pop barroco, rock",Only God Was Above Us,2024-04-05,07:57,477,52,66,4,0,35,0,10,-6,C Major,4,2025-08-22,5sBrebz7XnIbwSdWgWasLr,8B,USSM12400086,"['indie', 'pop barroco', 'rock']"
60,Suffocate (feat. Poppy),"Knocked Loose,Poppy",63,170,"hardcore, metalcore, deathcore, hardcore punk, , rock",You Won't Go Before You're Supposed To,2024-05-10,02:44,164,24,99,0,1,12,30,50,-3,C♯/D♭ Minor,4,2025-08-22,6PXYOVPBzO3xojFhQAvmde,12A,USSTT2400028,"['hardcore', 'metalcore', 'deathcore', 'hardcore punk', '', 'rock']"
61,Burn Alive,The Last Dinner Party,57,111,rock,Prelude to Ecstasy,2024-02-02,03:21,201,60,73,0,0,29,0,0,-5,G Minor,4,2025-08-22,54wX7jxwKL2TQS9itIIMyJ,6A,GBUM72309267,['rock']
62,Dusk,Chelsea Wolfe,41,96,"gótico do sul, doom metal, rock",She Reaches Out To She Reaches Out To She,2024-02-09,04:34,274,37,59,3,5,7,0,10,-6,A#/B♭ Major,4,2025-08-22,2zj5pSP9CoOTCDRfBN2zCq,6B,USC4R2337037,"['gótico do sul', 'doom metal', 'rock']"
63,I Love You Tonite,Johnny Cash,39,87,"country clássico, outlaw country, country, rock",Songwriter,2024-06-28,03:19,199,69,31,65,0,48,0,0,-10,C Major,4,2025-08-22,1PXOXSHIkcVtvMuHbOefH3,8B,USUM72403302,"['country clássico', 'outlaw country', 'country', 'rock']"
64,Alone,The Cure,48,100,"new wave, post-punk, rock gótico, darkwave",Alone,2024-09-26,06:48,408,46,88,0,21,14,0,30,-5,A Minor,4,2025-08-22,7zHhP0CHO4cONkImJ0Oau6,8A,GBUM72403962,"['new wave', 'post-punk', 'rock gótico', 'darkwave']"
65,Crossroads feat. Gary Clark Jr.,"Slash,Gary Clark Jr.",36,126,"hard rock, blues moderno, blues rock, blues, soul blues",Orgy of the Damned,2024-05-17,05:34,334,54,89,0,1,48,0,30,-7,D Major,4,2025-08-22,6IgPgkDiKtlPmrFBhqlTmu,10B,QZWH32400005,"['hard rock', 'blues moderno', 'blues rock', 'blues', 'soul blues']"
66,Eternity Has Failed,Bruce Dickinson,33,106,"heavy metal, metal, rock",The Mandrake Project,2024-03-01,06:58,418,46,85,0,0,14,0,10,-7,D Minor,4,2025-08-22,42dYIi8ZqBoXup6fPyETsJ,7A,GBCHB2300006,"['heavy metal', 'metal', 'rock']"
67,AmEN! (feat. Lil Uzi Vert and Daryl Palumbo of Glassjaw),"Bring Me The Horizon,Lil Uzi Vert,Daryl Palumbo,Glassjaw",59,105,"metalcore, emo, screamo, rock, post-hardcore, rap melódico, mathcore",POST HUMAN: NeX GEn,2024-05-24,03:09,189,46,94,0,0,34,10,50,-3,C♯/D♭ Major,3,2025-08-22,1EQgXWPkU96b4tw3pJtTp1,3B,GBARL2300647,"['metalcore', 'emo', 'screamo', 'rock', 'post-hardcore', 'rap melódico', 'mathcore']"
68,Pictures of You,Deep Purple,34,96,"hard rock, rock clássico, rock",=1,2024-07-19,03:51,231,44,91,1,0,19,0,20,-2,E Minor,4,2025-08-22,6vS3Tx1vR80vXENELsLv79,9A,DEH842400081,"['hard rock', 'rock clássico', 'rock']"
69,Light It Up,The Offspring,48,167,"punk, skate punk, rock",SUPERCHARGED,2024-10-11,02:52,172,50,99,0,0,70,10,50,-1,G Major,4,2025-08-22,6Hqpak2C21R2Qd448RGm7a,9B,USC4R2444621,"['punk', 'skate punk', 'rock']"
70,Raise The Red Flag,Marilyn Manson,52,105,"metal industrial, rock industrial, industrial, metal, nu metal",One Assassination Under God - Chapter 1,2024-11-22,04:49,289,50,93,0,0,14,10,0,-4,G#/A♭ Major,4,2025-08-22,6HoG86o30Of44nHXj1g9KT,4B,DED832400290,"['metal industrial', 'rock industrial', 'industrial', 'metal', 'nu metal']"
71,West Coast,OneRepublic,55,134,"o lado suave do pop, rock",Artificial Paradise (Deluxe),2024-07-12,03:14,194,69,70,36,0,90,0,0,-8,F#/G♭ Minor,4,2025-08-22,3wSKESVpeeRrShLTe3tpN1,11A,USUM72202540,"['o lado suave do pop', 'rock']"
72,Mother Nature,MGMT,45,82,"indie, rock",Loss Of Life,2024-02-23,03:56,236,43,74,15,0,44,0,0,-5,F#/G♭ Major,4,2025-08-22,2oneWrwEcphxoHzOUyod7e,2B,USQE92300110,"['indie', 'rock']"
73,King of Sweden,Future Islands,53,140,rock,People Who Aren’t There Anymore,2024-01-26,04:11,251,61,83,1,53,66,0,10,-6,G Minor,4,2025-08-22,72sMWFwbQq4kQ6EqnWdUZf,6A,GBAFL2200001,['rock']
74,Edin,The Smashing Pumpkins,46,108,"rock alternativo, rock",Aghori Mhori Mei,2024-08-02,06:46,406,57,66,0,31,7,0,10,-7,F Major,4,2025-08-22,2ke0JieG5ZSc0hP7xouNeR,7B,QM6P42495479,"['rock alternativo', 'rock']"
75,Conversion,Nick Cave & The Bad Seeds,42,134,rock,Wild God,2024-08-30,05:17,317,25,42,39,0,7,0,40,-8,D Minor,4,2025-08-22,2LBajJfEirkXT6ja0XzIHf,7A,GBSG42400006,['rock']
76,Savage Funk,Anitta,60,130,"pop nacional, funk pop, funk, funk carioca, pagode baiano",Funk Generation,2024-04-26,01:23,83,89,68,22,0,39,10,10,-5,G Major,4,2025-08-22,5ZfMBw3QdSMAHSEDa8FoA0,9B,USUG12402056,"['pop nacional', 'funk pop', 'funk', 'funk carioca', 'pagode baiano']"
77,Capa De Revista,Anitta,57,130,"pop nacional, funk pop, funk, funk carioca, pagode baiano",Ensaios Da Anitta,2024-12-06,02:22,142,76,94,5,0,60,0,0,-2,E Minor,4,2025-08-22,0PNwMRlZgwoWVe0idfGQPH,9A,BRUM72402721,"['pop nacional', 'funk pop', 'funk', 'funk carioca', 'pagode baiano']"
78,Maliciosa - Ao Vivo,LUDMILLA,68,176,"pagode, pop nacional, funk pop, funk, pagode baiano, funk carioca, samba",Maliciosa (Ao Vivo),2024-01-18,02:47,167,61,81,81,0,68,10,30,-7,G Major,4,2025-08-22,3vCH7bgO37Cx4dOIUlX9sv,9B,BKSQE2400001,"['pagode', 'pop nacional', 'funk pop', 'funk', 'pagode baiano', 'funk carioca', 'samba']"
79,Lua,"Ana Castela,Hungria,Alok",54,130,"sertanejo, agronejo, sertanejo universitário, piseiro, hip hop brasileiro, brazilian bass, eletronic, slap house, eletrohouse",Boiadeira Internacional (Ao Vivo),2024-02-23,03:26,206,67,84,31,0,34,0,20,-4,B Minor,4,2025-08-22,6r6wTVl7sBndpdlzBSEYnF,10A,BKA7Y2400021,"['sertanejo', 'agronejo', 'sertanejo universitário', 'piseiro', 'hip hop brasileiro', 'brazilian bass', 'eletronic', 'slap house', 'eletrohouse']"
80,Isso é Sério,"Matuê,Brandão85",71,80,"trap brasileiro, trap, hip hop brasileiro, trap funk, rap",333,2024-09-09,04:45,285,64,81,36,0,58,20,10,-3,B Minor,4,2025-08-22,3Sa2gVQioE31DcG4nKNDqD,10A,BXW922400055,"['trap brasileiro', 'trap', 'hip hop brasileiro', 'trap funk', 'rap']"
81,Nosso Primeiro Beijo - Ao Vivo,Gloria Groove,74,134,"pop nacional, funk pop, pagode, funk","Serenata da GG, Vol. 1 (Ao Vivo)",2024-05-30,02:48,168,51,68,72,0,68,0,90,-7,G Minor,4,2025-08-22,7Elw15XWLpOi4qzHyAwa9e,6A,BXSBS2300055,"['pop nacional', 'funk pop', 'pagode', 'funk']"
82,Torce o Olho - Ao Vivo,"Gusttavo Lima,Hugo & Guilherme",53,144,"sertanejo, sertanejo universitário, arrocha, agronejo, piseiro, forró",Paraíso Particular (Ao Vivo),2024-04-11,02:47,167,67,70,49,0,71,0,80,-5,C Major,4,2025-08-22,1CJnFX2V9CEUWrnrNGa60b,8B,BXBAL2300132,"['sertanejo', 'sertanejo universitário', 'arrocha', 'agronejo', 'piseiro', 'forró']"
83,ESCADA DO PRÉDIO,"PEDRO SAMPAIO,Marina Sena",60,132,"funk, funk pop, funk carioca, brega funk, pop nacional, nova mpb",ESCADA DO PRÉDIO,2024-09-03,02:17,137,89,53,56,0,78,0,10,-5,F Minor,4,2025-08-22,560vXBs6hssdrdOw13QPl9,4A,BRWMB2400943,"['funk', 'funk pop', 'funk carioca', 'brega funk', 'pop nacional', 'nova mpb']"
84,PASSADO DE UM VILÃO,Alee,61,140,"trap brasileiro, trap, hip hop brasileiro, trap funk, rap",CAOS,2024-09-23,02:44,164,64,76,3,0,58,0,50,-8,D Major,4,2025-08-22,5gXH6r92zVkhgP1BF73J4b,10B,BKNDN2400089,"['trap brasileiro', 'trap', 'hip hop brasileiro', 'trap funk', 'rap']"
85,Embalo,"Ryu, The Runner,Yunk Vino,Teto",54,93,"trap brasileiro, trap, trap funk, hip hop brasileiro, rap",SEMRÉH,2024-05-23,03:05,185,54,60,16,0,58,30,10,-6,F Minor,5,2025-08-22,616O3f20hgTgpmiZf7XgEI,4A,BRRGE2400153,"['trap brasileiro', 'trap', 'trap funk', 'hip hop brasileiro', 'rap']"
86,CÂMERA LENTA,"Nagalli,Supernova Ent,Ryu, The Runner,Luccas Carlos",50,128,"trap brasileiro, trap funk, trap, hip hop brasileiro, pop nacional, rap",MAGIC SHOW,2024-04-25,02:54,174,83,56,37,0,65,10,20,-5,B Minor,3,2025-08-22,0xDEgXt5rP6I5uwJoFk0kR,10A,BKSUV2400019,"['trap brasileiro', 'trap funk', 'trap', 'hip hop brasileiro', 'pop nacional', 'rap']"
87,Não Temos Medo,Tz da Coronel,68,128,"trap brasileiro, trap funk, trap, hip hop brasileiro, coral, rap",Direto da Selva,2024-06-27,02:15,135,76,48,64,0,70,10,30,-7,F Minor,4,2025-08-22,5rRlZJz8A17nqeKLdjDvsx,4A,BC2TS2400013,"['trap brasileiro', 'trap funk', 'trap', 'hip hop brasileiro', 'coral', 'rap']"
88,Erasmo Esteves (Tijuca Maluca),"Erasmo Carlos,Rubel,Emicida",27,172,"mpb, rock brasileiro, nova mpb, hip hop brasileiro",Erasmo Esteves,2024-05-03,04:34,274,55,69,74,0,90,0,50,-10,C Major,4,2025-08-22,4w4Jqi1hrVol86IBNw4Yql,8B,BRRGE2400199,"['mpb', 'rock brasileiro', 'nova mpb', 'hip hop brasileiro']"
89,Cowabunga!,"Jotapê,Nle Doprê,Brennuz,Barretinho,IWally,Marabá",39,144,"trap brasileiro, hip hop brasileiro, boom bap, , rap",LáDoEsgoto,2024-07-03,03:24,204,67,78,37,0,50,20,20,-4,F#/G♭ Minor,4,2025-08-22,6IeJOZy0YiHhSMEnLQDAsA,11A,BXJK02400061,"['trap brasileiro', 'hip hop brasileiro', 'boom bap', '', 'rap']"
90,Diz Aí Qual é o Plano?,"Mc IG,MC Ryan SP,Oruam,MC PH,Mc Poze do Rodo,MC GP,TrapLaudo,Mc Luki,MC GH do 7,MC Nego Micha,Murillo e LT no Beat",61,72,"funk, trap funk, funk consciente, trap brasileiro, trap, hip hop brasileiro, rap",Todo Mundo Odeia o IG,2024-03-21,11:43,703,59,58,35,0,58,50,0,-4,E Major,5,2025-08-22,7pnqm6UEb7SzpDxb53wULT,12B,BRWMB2400220,"['funk', 'trap funk', 'funk consciente', 'trap brasileiro', 'trap', 'hip hop brasileiro', 'rap']"
91,Vem Desestressar,"MC PH,Vulgo FK,Veigh,Pedro Lotto,prodbyeros",64,124,"funk, trap funk, funk consciente, trap brasileiro, trap, hip hop brasileiro, rap","O Cara Do Momento, Vol. 2",2024-04-10,04:03,243,77,54,34,0,54,0,10,-8,C♯/D♭ Major,4,2025-08-23,5jrQZnYInM6YUjr2yFSa3E,3B,BXG6R2400152,"['funk', 'trap funk', 'funk consciente', 'trap brasileiro', 'trap', 'hip hop brasileiro', 'rap']"
92,Rainha da Finesse,WIU,67,130,"trap brasileiro, trap, trap funk, hip hop brasileiro, rap",Vagabundo de Luxo,2024-07-10,02:46,166,79,85,55,0,65,0,10,-2,D#/E♭ Minor,4,2025-08-22,0w7vodPWFEcuEYvWpbNbOu,2A,BXW922400005,"['trap brasileiro', 'trap', 'trap funk', 'hip hop brasileiro', 'rap']"
93,Diferentão - Ao Vivo,Dilsinho,33,95,"pagode, samba, sertanejo, piseiro",Diferentão 2 (Ao Vivo),2024-06-06,03:03,183,69,80,56,0,91,0,50,-7,B Minor,4,2025-08-22,1TfsRE0WGbCxjhWgg164qQ,10A,BCG3G2400025,"['pagode', 'samba', 'sertanejo', 'piseiro']"
94,Eu vs Me,"Yunk Vino,Galdino,Honaiser,Nagalli",45,127,"trap brasileiro, trap, trap funk, hip hop brasileiro, rap",M.A.D 2,2024-08-09,02:49,169,61,51,8,0,56,0,10,-8,F Minor,4,2025-08-22,7dwPbTsu0POrSie5xkMGpN,4A,BXBGP2400037,"['trap brasileiro', 'trap', 'trap funk', 'hip hop brasileiro', 'rap']"
95,Vamo Marolar,"L7NNON,MC Cabelinho,Palma,HHR",57,119,"trap brasileiro, hip hop brasileiro, trap funk, trap, funk carioca, funk consciente, boom bap, rap",Vamo Marolar,2024-03-28,03:01,181,94,45,27,0,56,30,10,-6,F#/G♭ Minor,4,2025-08-22,6VzrPxShPXVXRLig62vl2p,11A,BR5TG2400061,"['trap brasileiro', 'hip hop brasileiro', 'trap funk', 'trap', 'funk carioca', 'funk consciente', 'boom bap', 'rap']"
96,Segue o Jogo,Samuel Rosa,32,136,"mpb, pop nacional, nova mpb, rock brasileiro",Rosa,2024-06-27,03:42,222,75,65,7,0,82,0,0,-9,G Major,4,2025-08-22,17sbwALPLff4Z1499EYNaF,9B,BCS162400008,"['mpb', 'pop nacional', 'nova mpb', 'rock brasileiro']"
97,CAJU,Liniker,67,140,"nova mpb, mpb, pop nacional",CAJU,2024-08-19,04:26,266,65,65,51,0,66,10,50,-7,E Minor,4,2025-08-22,7tmvvRmUqzCRjRx9ub8K7i,9A,BK20B2400014,"['nova mpb', 'mpb', 'pop nacional']"
98,SAUDADE DE VOCÊ,DUDA BEAT,49,128,"nova mpb, pop nacional, mpb",Tara e Tal,2024-04-12,03:56,236,78,82,13,0,79,0,40,-7,A#/B♭ Minor,4,2025-08-22,76K91k1A3S7GHe5GmALuO9,3A,BRUM72301394,"['nova mpb', 'pop nacional', 'mpb']"
99,Vida Rasa,"Orochi,Mainstreet,MC Cabelinho,RUXN,Palma",60,125,"trap brasileiro, hip hop brasileiro, trap funk, trap, funk consciente, rap",442,2024-02-27,02:05,125,70,68,18,0,31,0,10,-6,A#/B♭ Minor,4,2025-08-22,5t2RXNtjGIzKPGiNYSU6FG,3A,BCM9A2400005,"['trap brasileiro', 'hip hop brasileiro', 'trap funk', 'trap', 'funk consciente', 'rap']"
100,Supernova,Jão,48,167,"pop nacional, nova mpb, mpb",SUPERNOVA,2024-06-12,03:01,181,46,74,13,0,14,0,10,-7,C♯/D♭ Major,4,2025-08-22,6LVzmx8BF8BFsqnpYKx3C5,3B,BRUM72400941,"['pop nacional', 'nova mpb', 'mpb']"
101,Push Ups,Drake,71,91,rap,Push Ups,2024-04-19,03:52,232,60,70,2,0,21,10,20,-5,D Major,4,2025-08-22,3eh51r6rFWAlGQRlHx9QnQ,10B,USUG12402283,['rap']
102,euphoria,Kendrick Lamar,76,140,"hip hop, west coast hip hop",euphoria,2024-04-30,06:23,383,83,64,5,0,14,10,0,-5,C♯/D♭ Major,4,2025-08-22,77DRzu7ERs0TX3roZcre7Q,3B,USUG12402839,"['hip hop', 'west coast hip hop']"
103,Family Matters,Drake,70,164,rap,Family Matters,2024-05-03,07:36,456,53,49,0,0,23,20,30,-10,C♯/D♭ Major,4,2025-08-22,1wFFFzJ5EsKbBWZriAcubN,3B,USUG12402984,['rap']
104,Not Like Us,Kendrick Lamar,88,101,"hip hop, west coast hip hop",Not Like Us,2024-05-04,04:34,274,90,47,1,0,21,0,10,-7,C♯/D♭ Major,4,2025-08-22,6AI3ezQ4o3HUoP6Dhudph3,3B,USUG12400910,"['hip hop', 'west coast hip hop']"
105,Die With A Smile,"Lady Gaga,Bruno Mars",93,158,"art pop, pop, ",Die With A Smile,2024-08-16,04:11,251,52,59,31,0,54,0,10,-8,F#/G♭ Minor,3,2025-08-22,2plbrEY59IikOBgBGLjaoe,11A,USUM72409273,"['art pop', 'pop', '']"
106,APT.,"ROSÉ,Bruno Mars",84,149,"k-pop, ",rosie,2024-12-06,02:49,169,78,78,3,0,94,20,30,-4,C Minor,4,2025-08-22,4wJ5Qq0jBN4ajy7ouZIV1c,5A,USAT22409172,"['k-pop', '']"
107,Saturn,SZA,80,89,r&b,SOS Deluxe: LANA,2024-12-20,03:06,186,56,58,64,0,33,0,10,-8,C♯/D♭ Major,4,2025-08-22,040I32EKLxQrkuxQu1pqvT,3B,USRC12400216,['r&b']
108,Beautiful Things,Benson Boone,89,105,pop,Fireworks & Rollerblades,2024-04-05,03:00,180,47,47,15,0,22,0,10,-6,A#/B♭ Major,3,2025-08-22,3xkHsmpQCBMytMJNiDf3Ii,6B,USWB12307016,['pop']
109,Love Bites (Feat. Tove Lo and SG Lewis),"Nelly Furtado,Tove Lo,SG Lewis",41,128,pop,7,2024-09-20,02:47,167,76,66,2,0,75,0,10,-6,F#/G♭ Minor,4,2025-08-22,5lzb7CU5ING7MDilFOVplH,11A,CAUM72400193,['pop']
110,"I Love You, I'm Sorry",Gracie Abrams,86,116,pop,The Secret of Us,2024-06-21,02:37,157,53,41,66,0,34,0,10,-8,A#/B♭ Major,3,2025-08-22,51rfRCiUSvxXlCSCfIztBy,6B,USUG12401766,['pop']
111,Somebody Else's,Gwen Stefani,44,160,pop,Bouquet,2024-11-15,03:44,224,59,87,0,0,76,0,10,-5,G#/A♭ Major,4,2025-08-22,1VXCatH0fWzJWHTWQ31Xah,4B,USUM72409716,['pop']
112,Lucky,Halsey,46,103,pop,The Great Impersonator,2024-10-25,03:16,196,71,65,39,0,73,0,20,-4,C Major,4,2025-08-22,4tFeiOMKZB7WVLj73NKZha,8B,USSM12405162,['pop']
113,Make You Mine,Madison Beer,76,123,pop,Make You Mine,2024-02-09,03:41,221,53,64,22,1,49,0,20,-6,F#/G♭ Minor,4,2025-08-22,48vIfHaK7by6x0T6ucpODL,11A,USSM12400758,['pop']
114,Love On,Selena Gomez,60,116,pop,Love On,2024-02-22,03:01,181,75,52,20,0,53,0,0,-6,C Major,4,2025-08-22,2fB5YRuD88drKpCXQOAk03,8B,USUM72318034,['pop']
115,Si Antes Te Hubiera Conocido,KAROL G,86,128,"reggaeton, latina, urbano latino",Si Antes Te Hubiera Conocido,2024-06-21,03:15,195,92,67,45,0,79,0,0,-7,B Major,4,2025-08-22,6WatFBLVB0x077xWeoVc2k,1B,USUG12400968,"['reggaeton', 'latina', 'urbano latino']"
116,OTRO CAPÍTULO,Becky G,47,89,"reggaeton, latina",ENCUENTROS,2024-10-10,03:00,180,80,74,18,0,84,0,10,-4,A#/B♭ Major,4,2025-08-22,4ZJ6Ef4JKjYwiuyYp7DxSK,6B,USRC12402719,"['reggaeton', 'latina']"
117,Moonlit Floor (Kiss Me),LISA,72,110,k-pop,Moonlit Floor (Kiss Me),2024-10-03,02:35,155,73,79,13,0,67,10,30,-4,F Minor,4,2025-08-22,3yDRcs0Y4pPzkvMbUfeF9H,4A,USRC12402958,['k-pop']
118,A Bar Song (Tipsy),Shaboozey,82,81,pop,"Where I've Been, Isn't Where I'm Going",2024-05-31,02:51,171,72,71,7,0,60,0,0,-5,A Major,4,2025-08-22,5fZJQrFKWQLb7FpJXZ1g7K,11B,USUYG1541249,['pop']
119,Too Sweet,Hozier,83,117,pop,Unreal Unearth: Unaired,2024-08-19,04:11,251,74,64,4,0,96,0,0,-5,A#/B♭ Major,4,2025-08-22,19XpFsce28aByvCC4g89tJ,6B,IEACJ2300335,['pop']
120,MILLION DOLLAR BABY,Tommy Richman,83,138,pop,MILLION DOLLAR BABY,2024-04-26,02:35,155,85,70,10,0,92,0,0,-6,C♯/D♭ Minor,4,2025-08-22,5AJ9hqTS2wcFQCELCFRO7A,12A,QM24S2402528,['pop']
121,Why Why Why,Shawn Mendes,73,105,pop,Shawn,2024-11-15,02:49,169,58,76,1,0,42,0,40,-7,G Major,4,2025-08-22,0kPIcJ1Mp6m9AR9Y7UnMLR,9B,USUM72408543,['pop']
122,"Witness Me (feat. Shawn Mendes, Stormzy & Kirk Franklin)","Jacob Collier,Shawn Mendes,Stormzy,Kirk Franklin",43,88,"grime, grime reino unido, drill reino unido, gospel, r&b gospel, adoração",Djesse Vol. 4,2024-03-01,03:42,222,56,54,83,0,50,0,10,-7,F Major,4,2025-08-22,32bIjXtZWUk21aC7fooG8g,7B,GBUM72309613,"['grime', 'grime reino unido', 'drill reino unido', 'gospel', 'r&b gospel', 'adoração']"
123,Who,Jimin,87,116,k-pop,MUSE,2024-07-19,02:50,170,66,76,0,0,84,0,10,-4,C Minor,4,2025-08-22,7tI8dRuH2Yc6RuoTjxo4dU,5A,USA2P2431062,['k-pop']
124,"Good Luck, Babe!",Chappell Roan,90,117,pop,"Good Luck, Babe!",2024-04-05,03:38,218,70,58,5,0,79,0,0,-6,B Minor,4,2025-08-22,0WbMK4wrZ1wFSty9F7FCgu,10A,USUG12401967,['pop']
125,Sailor Song,Gigi Perez,87,95,pop,Sailor Song,2024-07-26,03:31,211,49,41,68,0,27,0,10,-10,B Major,4,2025-08-22,2262bWmqomIaJXwCRHr13j,1B,USHM92438095,['pop']
126,Pink Skies (feat. Watchhouse),"Zach Bryan,Watchhouse",59,86,"country, red dirt, bluegrass, americana, folk, newgrass",The Great American Bar Scene,2024-07-04,03:49,229,49,41,31,0,26,0,10,-8,C Major,4,2025-08-23,4Rl29H4elQZcDSIiM0vcHM,8B,USWB12402705,"['country', 'red dirt', 'bluegrass', 'americana', 'folk', 'newgrass']"
127,Love Somebody,Morgan Wallen,78,122,country,Love Somebody,2024-10-18,03:24,204,62,84,1,0,75,0,10,-5,F Minor,4,2025-08-22,7hR22TOX3RorxJPcsz5Wbo,4A,USUG12406387,['country']
128,Human,Lenny Kravitz,49,120,rock,Blue Electric Light,2024-05-24,04:27,267,71,88,0,0,89,0,20,-4,B Minor,4,2025-08-22,5HwyIGJ82WAAC49zsFoI8i,10A,DELV42300473,['rock']
129,Trial By Fire,Judas Priest,34,165,"heavy metal, metal, hard rock, glam metal",Trial By Fire,2023-11-17,04:21,261,41,90,0,0,40,0,20,-6,A#/B♭ Minor,3,2025-08-22,6oIGM95s3TIyPqhHIH2AQ6,3A,GBARL2301261,"['heavy metal', 'metal', 'hard rock', 'glam metal']"
130,DIE FOR ME,Chase Atlantic,65,130,rock,LOST IN HEAVEN,2024-11-01,03:26,206,41,73,9,0,36,10,30,-4,F#/G♭ Minor,4,2025-08-23,0BmRj1LXJGPAox0pl3rMbc,11A,US5262426872,['rock']
131,symptom of life,WILLOW,52,160,pop,empathogen,2024-05-03,03:09,189,58,84,36,3,44,0,0,-7,D Minor,3,2025-08-22,70nmpLYSyZ58QTUzUiB1VA,7A,QZQAY2437569,['pop']
132,Tears (feat. Omah Lay),"Kehlani,Omah Lay",35,114,"afrobeats, afrobeat, afropop, r&b afro, afropiano, afro soul, alté, afroswing",CRASH,2024-06-20,03:33,213,68,81,3,24,17,0,20,-6,G Major,4,2025-08-22,3PTKJqdK3OfK16kS56HuPb,9B,USAT22402870,"['afrobeats', 'afrobeat', 'afropop', 'r&b afro', 'afropiano', 'afro soul', 'alté', 'afroswing']"
133,Elephant,070 Shake,42,116,rap,Petrichor,2024-11-15,02:47,167,60,52,1,0,17,0,20,-6,G#/A♭ Major,4,2025-08-23,4MH3D8angFt2z5B8yO3xnG,4B,USUM72315641,['rap']
134,Dancing In The Flames,The Weeknd,54,117,pop,Dancing In The Flames,2024-09-13,03:40,220,60,73,0,0,16,0,0,-6,C♯/D♭ Major,4,2025-08-23,29lXN1aoaL6HE72BOvknyr,3B,USUG12405844,['pop']
135,Witchy (feat. Childish Gambino),"KAYTRANADA,Childish Gambino",68,110,rap,TIMELESS,2024-06-07,03:47,227,59,62,0,0,32,10,10,-8,F Major,4,2025-08-23,1PxKsGzQcmiwDHvA9ig5gv,7B,USRC12300035,['rap']
136,HISS,Megan Thee Stallion,59,167,rap,MEGAN,2024-06-28,03:12,192,75,66,8,0,69,40,20,-5,C♯/D♭ Major,4,2025-08-23,1a9dUxIQ2ehPH3992H9uPe,3B,USAT22400675,['rap']
137,HIGHJACK,"A$AP Rocky,Jessica Pratt",70,143,"rap, folk ambiente",HIGHJACK,2024-08-02,03:10,190,61,68,32,0,69,10,30,-5,G Major,4,2025-08-23,57L5EYzCfHS7Jd58rV33lW,9B,USRC12402365,"['rap', 'folk ambiente']"
138,BAND4BAND (feat. Lil Baby),"Central Cee,Lil Baby",75,140,"drill reino unido, drill, grime reino unido, grime, ",BAND4BAND (feat. Lil Baby),2024-05-23,02:20,140,88,76,36,0,89,20,10,-5,B Major,4,2025-08-23,7iabz12vAuVQYyekFIWJxD,1B,USSM12404354,"['drill reino unido', 'drill', 'grime reino unido', 'grime', '']"
139,Did It First (with Central Cee),"Ice Spice,Central Cee",73,154,"drill reino unido, drill, grime reino unido, grime",Y2K!,2024-07-26,01:58,118,64,59,24,0,56,30,10,-7,C♯/D♭ Major,4,2025-08-23,2BNcawEW0KlzLW9DeHzXZJ,3B,USUG12403632,"['drill reino unido', 'drill', 'grime reino unido', 'grime']"
140,Get It Sexyy,Sexyy Red,72,145,rap,In Sexyy We Trust,2024-05-24,02:28,148,81,64,10,0,53,20,10,-6,F Minor,4,2025-08-23,6UmKnXmG7VmYqFnmSPOfRj,4A,QZSYP2454435,['rap']
141,TGIF,GloRilla,73,140,rap,GLORIOUS,2024-10-11,02:44,164,89,53,8,0,21,30,10,-7,A#/B♭ Minor,4,2025-08-23,31TVho4kOuAeRmLYGIEuWn,3A,USUM72407338,['rap']
142,It's My Ego,Ice Cube,55,95,"gangster rap, west coast hip hop, hip hop old school, g-funk",Man Down,2024-11-22,03:46,226,87,85,2,0,62,20,0,-3,G#/A♭ Minor,4,2025-08-23,0La5b93W3TJIiavFVfmqUA,1A,CH7811113955,"['gangster rap', 'west coast hip hop', 'hip hop old school', 'g-funk']"
143,Gunz N Smoke (feat. 50 Cent & Eminem),"Snoop Dogg,Dr. Dre,50 Cent,Eminem",53,146,"g-funk, west coast hip hop, gangster rap, hip hop, hip hop old school, rap, east coast hip hop",Missionary,2024-12-13,03:33,213,85,90,1,0,78,20,0,-3,G Major,4,2025-08-23,2GiJpAxK7T6JddAmEVreKT,9B,USUM72412064,"['g-funk', 'west coast hip hop', 'gangster rap', 'hip hop', 'hip hop old school', 'rap', 'east coast hip hop']"
144,Lyfestylë (with Lil Wayne),"Yeat,Lil Wayne",52,77,"rage rap, rap, hip hop",2093,2024-02-16,03:56,236,70,51,15,0,27,10,0,-9,A#/B♭ Major,4,2025-08-23,15qRV1yUqFR6ViOwxoopod,6B,USUM72401629,"['rage rap', 'rap', 'hip hop']"
145,Saturday Mornings (feat. Lil Wayne),"Cordae,Lil Wayne",49,82,"rap, hip hop",The Crossroads,2024-11-15,04:22,262,25,89,15,0,37,10,10,-4,D#/E♭ Major,4,2025-08-23,0wT5T8Cstp8XvJIWz7kCVn,5B,USAT22405944,"['rap', 'hip hop']"
146,Parking Lot,"Mustard,Travis Scott",67,100,rap,Faith Of A Mustard Seed,2024-07-26,02:52,172,71,60,12,0,37,0,50,-6,C Minor,4,2025-08-23,4CdAc7V4hUe1cuJAjnPpSQ,5A,QMRSZ2401183,['rap']
147,BANDIT,Don Toliver,75,130,rap,HARDSTONE PSYCHO,2024-06-14,02:27,147,68,79,1,0,11,0,40,-5,D Major,4,2025-08-23,0PHrcmOtDE89ew4vVEaD7S,10B,USAT22400561,['rap']
148,Samurai,Lupe Fiasco,64,188,rap,Samurai,2024-06-28,03:14,194,49,64,1,0,50,0,10,-5,F Minor,4,2025-08-23,0wJw5QXDKXTYn8IVyh3wqz,4A,US5KD2400006,['rap']
149,Attention,Bryson Tiller,66,130,"trap soul, r&b, rap",Bryson Tiller,2024-04-05,03:36,216,57,73,7,0,50,0,10,-5,D#/E♭ Minor,4,2025-08-23,7tr8SXmP9j0uVqUU0qoapb,2A,USRC12400559,"['trap soul', 'r&b', 'rap']"
150,Fear,Logic,41,128,rap,Ultra 85,2024-08-09,04:12,252,70,78,6,0,56,10,10,-4,G Major,4,2025-08-23,6eKRCw9oMbKuDJ6gwFwgwM,9B,QMRSZ2400257,['rap']
151,Não Para,"Mc Daniel,LUDMILLA,Blakbone,DJ Cash",47,65,"funk, agronejo, trap funk, funk consciente, pagode, pop nacional, funk pop, pagode baiano, funk carioca, samba, trap brasileiro, hip hop brasileiro, trap, seresta, arrocha, rap",Sem Música,2024-08-27,02:10,130,61,75,20,0,59,20,20,-4,F Minor,4,2025-08-23,02hupCKclLtfyoQrp2xtfz,4A,BKLY42400050,"['funk', 'agronejo', 'trap funk', 'funk consciente', 'pagode', 'pop nacional', 'funk pop', 'pagode baiano', 'funk carioca', 'samba', 'trap brasileiro', 'hip hop brasileiro', 'trap', 'seresta', 'arrocha', 'rap']"
152,Morar Nesse Motel,Gusttavo Lima,60,116,"sertanejo, sertanejo universitário, arrocha, agronejo, piseiro, forró",Morar Nesse Motel,2024-06-27,03:07,187,72,75,30,0,68,0,30,-3,E Major,4,2025-08-23,5QpcLTQjh0qO7OIuR9q8IR,12B,BXBAL2400027,"['sertanejo', 'sertanejo universitário', 'arrocha', 'agronejo', 'piseiro', 'forró']"
153,DEPOIS DO RODEIO,"Luan Pereira,Ana Castela",60,130,"agronejo, sertanejo, sertanejo universitário, piseiro",DEPOIS DO RODEIO,2024-09-05,02:45,165,71,56,41,0,31,10,30,-7,B Minor,4,2025-08-23,1G09TYdafWOnFnSQvJzePM,10A,BRRGE2400616,"['agronejo', 'sertanejo', 'sertanejo universitário', 'piseiro']"
154,2 Descaradinhos - Ao Vivo,"Léo Santana,Ana Castela",20,130,"pagode baiano, axé, piseiro, pagode, arrocha, pop nacional, funk, forró, sertanejo, agronejo, sertanejo universitário",Leo & Elas (Ao Vivo),2025-01-17,03:03,183,79,84,51,0,45,0,80,-5,G#/A♭ Major,4,2025-08-23,1yRvPoJI8onbSKu71v59XR,4B,BRUM72400383,"['pagode baiano', 'axé', 'piseiro', 'pagode', 'arrocha', 'pop nacional', 'funk', 'forró', 'sertanejo', 'agronejo', 'sertanejo universitário']"
155,fome,"JUNIOR,Gloria Groove",19,140,"sertanejo tradicional, pop nacional, sertanejo, funk pop, pagode, funk",solo,2024-05-31,03:18,198,63,80,2,0,70,10,0,-6,C♯/D♭ Major,4,2025-08-23,2rIZnhE4Xdqja4tfbBr7Pq,3B,BKJKP2300038,"['sertanejo tradicional', 'pop nacional', 'sertanejo', 'funk pop', 'pagode', 'funk']"
156,Reza do Milhão,Matuê,54,75,"trap brasileiro, trap, hip hop brasileiro, trap funk, rap",Sabor Overdose no Yakisoba,2024-08-05,03:04,184,52,80,9,0,22,0,10,-4,D#/E♭ Minor,4,2025-08-23,2jOanfmbwcjrcI4MAUcNns,2A,BXW922400061,"['trap brasileiro', 'trap', 'hip hop brasileiro', 'trap funk', 'rap']"
157,ESPAÇONAVE,"Brandão85,WIU,Matuê",58,130,"trap brasileiro, trap, hip hop brasileiro, trap funk, rap",CEO,2024-10-23,03:39,219,61,82,24,0,27,0,0,-4,F Major,4,2025-08-23,4pwKy99a1IhAwjekz8Zf0c,7B,BXW922400149,"['trap brasileiro', 'trap', 'hip hop brasileiro', 'trap funk', 'rap']"
158,Purple Rain,"Duquesa,Yunk Vino,Go Dassisti",65,138,"trap brasileiro, trap, trap funk, hip hop brasileiro, rap","Taurus, Vol. 2",2024-05-10,02:50,170,86,52,47,0,60,10,10,-5,E Minor,4,2025-08-23,4N8bnqG6Y8bNibjaYppqos,9A,BXBGP2400026,"['trap brasileiro', 'trap', 'trap funk', 'hip hop brasileiro', 'rap']"
159,Ninguém Vai Te Superar,"Budah,Ursão,Djonga",49,120,"hip hop brasileiro, trap brasileiro, boom bap, rap",Púrpura,2024-10-04,04:02,242,56,66,39,0,35,10,10,-7,F#/G♭ Major,4,2025-08-23,3tU3mMJYq6qU3h0HCwdn0S,2B,BRUM72400893,"['hip hop brasileiro', 'trap brasileiro', 'boom bap', 'rap']"
160,Patrício's,"Duzz,Rubro",34,120,"trap brasileiro, hip hop brasileiro, trap, rap",Patrício's,2024-07-05,04:33,273,64,67,11,0,33,30,20,-7,A#/B♭ Minor,4,2025-08-23,6HVzQ2xHsE7nfRrD8zTawj,3A,QZNJY2425279,"['trap brasileiro', 'hip hop brasileiro', 'trap', 'rap']"
161,afrodite,"Delacruz,IZA,JOK3R",63,107,"hip hop brasileiro, pop nacional, funk pop, ",Vinho,2024-10-10,03:21,201,63,41,63,0,41,20,30,-10,D#/E♭ Major,4,2025-08-23,2LyweqU74aSBN9otcvCfn1,5B,BKZDE2400001,"['hip hop brasileiro', 'pop nacional', 'funk pop', '']"
162,Metralha,"Abbot,Raffa Moreira,LH CHUCRO,Jay Kay",16,140,"trap brasileiro, trap, trap funk, hip hop brasileiro, rap",Os Irmão Metralha,2024-02-23,03:00,180,83,68,6,0,72,20,10,-5,C♯/D♭ Major,4,2025-08-23,4QPCbHjLAldR6qH6TZOqdG,3B,QZ5FN2485821,"['trap brasileiro', 'trap', 'trap funk', 'hip hop brasileiro', 'rap']"
163,Mistérios,"KayBlack,Murillo e LT no Beat",49,114,"trap brasileiro, trap funk, trap, hip hop brasileiro, funk, funk consciente, rap",Mistérios,2024-07-17,02:16,136,76,41,19,0,53,10,20,-9,G#/A♭ Minor,4,2025-08-23,0hDPyvgeyTjW9WCiImtnjx,1A,BRWMB2400877,"['trap brasileiro', 'trap funk', 'trap', 'hip hop brasileiro', 'funk', 'funk consciente', 'rap']"
164,Dinheiro Ameniza,"Leviano,Caio Passos,OG Bahia,Tz da Coronel",42,147,"trap brasileiro, trap, trap funk, hip hop brasileiro, funk, funk consciente, coral, rap",Acorde E Fique Rico,2024-08-29,03:48,228,78,65,6,0,72,0,10,-6,A#/B♭ Minor,4,2025-08-23,1qP2NJqJqAfWAaLRGLkHze,3A,BKM2L2400198,"['trap brasileiro', 'trap', 'trap funk', 'hip hop brasileiro', 'funk', 'funk consciente', 'coral', 'rap']"
165,LABIRINTO,"Ariel Donato,MC Cabelinho,Marina Sena",42,129,"trap brasileiro, trap funk, trap, hip hop brasileiro, funk consciente, pop nacional, nova mpb, rap",LABIRINTO,2024-01-19,03:04,184,76,70,75,0,70,0,50,-5,A#/B♭ Minor,4,2025-08-23,0LJGq2TQMW5WwnD9AuPRuV,3A,BRWMB2301733,"['trap brasileiro', 'trap funk', 'trap', 'hip hop brasileiro', 'funk consciente', 'pop nacional', 'nova mpb', 'rap']"
166,Nosso Momento,"Pedro Lotto,MC Cabelinho,Vulgo FK,Ribb,2050",44,148,"hip hop brasileiro, trap brasileiro, trap funk, trap, funk, funk consciente, rap",Darma,2024-03-22,02:56,176,72,68,19,0,56,0,10,-5,G Minor,3,2025-08-23,0Veziue3ma20ib0JUzARrV,6A,BRUM72400336,"['hip hop brasileiro', 'trap brasileiro', 'trap funk', 'trap', 'funk', 'funk consciente', 'rap']"
167,OI,"Vulgo FK,Ryu, The Runner,Bvga Beatz,Viper,Rocco",56,127,"trap brasileiro, trap funk, trap, funk, hip hop brasileiro, rap",F**K SONGS,2024-10-24,03:01,181,84,35,16,0,16,10,10,-5,E Minor,4,2025-08-23,0rNhlglf9DbSeTpfEtezyt,9A,BRRGE2400890,"['trap brasileiro', 'trap funk', 'trap', 'funk', 'hip hop brasileiro', 'rap']"
168,TATTOOS ON MY FACE,"Derek,Jovem Dex,Nate 22",32,126,"trap brasileiro, trap, hip hop brasileiro, trap funk, rap",TRAP BRASILEIRO,2024-11-08,02:52,172,59,89,11,0,36,0,30,-2,G Minor,4,2025-08-23,6FAY4HTaHGzlbyqueBUpX8,6A,BRUM72301346,"['trap brasileiro', 'trap', 'hip hop brasileiro', 'trap funk', 'rap']"
169,ei mô,"G.A,WIU,Supernova Ent,Slaasty,Azin",41,115,"trap brasileiro, trap funk, trap, hip hop brasileiro, rap",ei mô,2024-03-28,03:21,201,83,34,79,0,52,50,10,-9,F Major,4,2025-08-23,089OwnVlTSgxistS3WXe6p,7B,BKSUV2400012,"['trap brasileiro', 'trap funk', 'trap', 'hip hop brasileiro', 'rap']"
170,Problemas de um Milionário,"WIU,Teto",65,133,"trap brasileiro, trap, trap funk, hip hop brasileiro, rap",Problemas de um Milionário,2024-04-10,02:24,144,93,48,36,0,75,20,0,-5,D Major,4,2025-08-23,0VybBobSYSzliyEJ1VqwGR,10B,BXW922400001,"['trap brasileiro', 'trap', 'trap funk', 'hip hop brasileiro', 'rap']"
171,Pálido Ponto Azul,Kant,26,70,"trap brasileiro, hip hop brasileiro, trap, trap funk, rap",Pálido Ponto Azul,2024-11-22,06:13,373,49,56,83,0,48,40,10,-7,G#/A♭ Minor,4,2025-08-23,7FhqYZzXTRNg0yDaKRQKJf,1A,QZNJZ2409742,"['trap brasileiro', 'hip hop brasileiro', 'trap', 'trap funk', 'rap']"
172,Pra Se Entorpecer,"Dudu,Yunk Vino,Iuri Rio Branco",35,110,"trap brasileiro, hip hop brasileiro, trap, trap funk, boom bap, rap",Escolhas e Reflexos,2024-11-07,02:40,160,66,34,12,0,35,0,10,-19,D Major,4,2025-08-23,7ytjb8ZvBX7hViPXKBJp95,10B,BRRGE2401032,"['trap brasileiro', 'hip hop brasileiro', 'trap', 'trap funk', 'boom bap', 'rap']"
173,Poetas no Topo 4,"Pineapple StormTv,Jotapê,Cesar Mc,Sain,Dk 47,LEALL,Don L,AJULIACOSTA,Xamã,Major RD,Raffa Moreira,Froid,Pedro Apoema,Ecologyk,Luizinhx",51,88,"hip hop brasileiro, trap brasileiro, boom bap, grime, trap funk, trap, drill, rap",Poetas no Topo 4,2024-11-01,17:47,1067,50,47,45,0,49,40,40,-12,G#/A♭ Minor,4,2025-08-23,4w47dntseeMeuLPzFTKKB9,1A,BX6Y62400100,"['hip hop brasileiro', 'trap brasileiro', 'boom bap', 'grime', 'trap funk', 'trap', 'drill', 'rap']"
174,NOITES DO SUBÚRBIO,"Sant,Jotapê,Mc Marechal",44,92,"hip hop brasileiro, boom bap, trap brasileiro, rap",CONVICTO,2024-12-12,02:50,170,56,48,50,0,27,40,10,-11,F Minor,4,2025-08-23,7qSWcCpOwQUnXtU6ZDntgK,4A,BRRGE2401279,"['hip hop brasileiro', 'boom bap', 'trap brasileiro', 'rap']"
175,THE BOX MEDLEY FUNK 2,"THE BOX,Mc Brinquedo,MC Cebezinho,MC Tuto,Mc Laranjinha,DJ Oreia",71,117,"trap brasileiro, trap funk, funk, funk consciente, funk de bh, brega funk, rap",THE BOX MEDLEY FUNK 2,2024-04-18,04:26,266,78,69,58,1,84,10,30,-9,B Minor,4,2025-08-23,7IFsTX5H1sWcEl8joV0IdD,10A,BKF5C2400003,"['trap brasileiro', 'trap funk', 'funk', 'funk consciente', 'funk de bh', 'brega funk', 'rap']"
176,Barbie,"MC Tuto,DJ Glenner",73,127,"funk, funk consciente, trap funk, rap",Barbie,2024-10-18,03:12,192,96,43,71,0,72,40,10,-8,D#/E♭ Minor,4,2025-08-23,6s1kzj4EbhFLXbuAGJbhbn,2A,BCSOR2400154,"['funk', 'funk consciente', 'trap funk', 'rap']"
177,A Dança - Ao Vivo,"MC Hariel,Gilberto Gil",56,146,"funk, funk consciente, trap funk, mpb, bossa nova, forró tradicional, samba, jazz brasileiro, rap",Funk Superação (Ao Vivo),2024-08-29,04:04,244,59,74,75,0,74,30,10,-4,C Minor,4,2025-08-23,5YNGlqsKGstyaJilHELAGo,5A,BRWMB2400914,"['funk', 'funk consciente', 'trap funk', 'mpb', 'bossa nova', 'forró tradicional', 'samba', 'jazz brasileiro', 'rap']"
178,Seu Job,"Orochi,MC GP,Leviano,DU'L,Portugal No Beat,Coelho",50,95,"trap brasileiro, hip hop brasileiro, trap funk, trap, funk, funk consciente, rap",Para Todas do Job,2024-07-09,04:15,255,58,69,42,0,57,10,10,-2,F Major,4,2025-08-23,2YENQseYfuRAaZoUrQ9wGa,7B,BCM9A2400053,"['trap brasileiro', 'hip hop brasileiro', 'trap funk', 'trap', 'funk', 'funk consciente', 'rap']"
179,Nois Já Tá Rico,"Mc IG,MC Ryan SP,Orochi,DJ Glenner,DJ Negret",47,90,"funk, trap funk, funk consciente, trap brasileiro, hip hop brasileiro, trap, rap",Nois Já Tá Rico,2024-08-20,04:48,288,73,59,34,0,63,30,30,-8,B Minor,3,2025-08-23,1gNFpum6dIaDDLfI98KJ6S,10A,BRWMB2401061,"['funk', 'trap funk', 'funk consciente', 'trap brasileiro', 'hip hop brasileiro', 'trap', 'rap']"
180,Melhor Vibe,"MC Ryan SP,Filipe Ret,Caio Luccas,Chefin,Dallass,Rocco",68,142,"funk, funk consciente, trap funk, trap brasileiro, hip hop brasileiro, trap, rap",Melhor Vibe,2024-03-20,05:41,341,74,59,75,0,58,10,10,-6,D Minor,4,2025-08-23,5brVlCCt8gp4pP0iJOOctj,7A,BRWMB2400319,"['funk', 'funk consciente', 'trap funk', 'trap brasileiro', 'hip hop brasileiro', 'trap', 'rap']"
181,Distante,"MD Chefe,Filipe Ret",61,150,"trap brasileiro, trap, hip hop brasileiro, trap funk, rap",Estrela do Rap,2024-07-04,02:52,172,64,64,55,0,55,0,10,-6,F Major,4,2025-08-23,6B7iZCaClvCV6DH4MnRMP5,7B,BCB962400001,"['trap brasileiro', 'trap', 'hip hop brasileiro', 'trap funk', 'rap']"
182,Da Onde Eu Venho,"Filipe Ret,Mãolee",71,149,"hip hop brasileiro, trap brasileiro, trap funk, trap, boom bap, rap",NUME,2024-11-14,02:17,137,54,79,2,0,48,30,10,-6,E Minor,4,2025-08-23,5na9M4vuGBFxIAQdD3Hg9s,9A,BRRGE2401130,"['hip hop brasileiro', 'trap brasileiro', 'trap funk', 'trap', 'boom bap', 'rap']"
183,NÃO VAI ME AMAR,"Caio Luccas,NADAMAL,Veigh,Honaiser,Nagalli,Rocco,Bvga Beatz",51,128,"trap brasileiro, trap funk, trap, hip hop brasileiro, rap",Apocalipse,2024-09-17,03:37,217,75,51,12,0,25,0,10,-6,G#/A♭ Major,4,2025-08-23,33otVpGipU4qMbNC4IbIjl,4B,BKNDN2400058,"['trap brasileiro', 'trap funk', 'trap', 'hip hop brasileiro', 'rap']"
184,Ela É Fútil,"CJota,Mc Daniel,Veigh,Pedro Lotto",52,126,"trap brasileiro, trap funk, trap, funk, agronejo, funk consciente, hip hop brasileiro, rap",Traumas e Vícios,2024-10-17,02:55,175,68,64,22,0,67,0,30,-3,G#/A♭ Minor,4,2025-08-23,0g4B3MIEWu3nNdQI8FXRt6,1A,BKLY42400036,"['trap brasileiro', 'trap funk', 'trap', 'funk', 'agronejo', 'funk consciente', 'hip hop brasileiro', 'rap']"
185,Menino Fatal,"Tchelo,Kyan,retroboy,EAGD",46,150,"trap brasileiro, trap, trap funk, hip hop brasileiro, rap",É Que Eu Nasci Teimoso,2024-10-04,02:52,172,87,57,22,0,61,10,0,-6,C♯/D♭ Major,4,2025-08-23,7E0ZXZJ1X00PrVFEhWTqSc,3B,QZWV32496452,"['trap brasileiro', 'trap', 'trap funk', 'hip hop brasileiro', 'rap']"
186,fetiche,Baco Exu do Blues,53,130,"hip hop brasileiro, trap brasileiro, rap",FETICHE,2024-06-26,02:42,162,76,29,64,0,77,30,10,-15,B Minor,4,2025-08-23,6iWhbnoRFP66gO2dTe6Ro6,10A,BX2DO2400005,"['hip hop brasileiro', 'trap brasileiro', 'rap']"
187,Amor Traumatizado,Carol Biazin,58,135,"pop nacional, nova mpb","No Escuro,",2024-08-23,03:10,190,66,45,56,0,45,10,10,-8,B Minor,4,2025-08-23,5BcKtF6LS3lkrByxsuew70,10A,BRUM72400585,"['pop nacional', 'nova mpb']"
188,São Amores,Pabllo Vittar,55,96,"pop nacional, funk pop, tecnobrega",Batidão Tropical Vol. 2,2024-11-04,02:55,175,71,96,19,0,80,0,10,-4,C Major,4,2025-08-23,7cj3mQ5XeEQq8Zfa1O5CXB,8B,BCM112400022,"['pop nacional', 'funk pop', 'tecnobrega']"
189,Vou Querer De Novo - Ao Vivo,Thiaguinho,32,154,"pagode, samba",Sorte (Ao Vivo),2024-08-21,03:00,180,64,76,49,0,77,0,30,-8,D Major,4,2025-08-23,6yvnVg5A2mdwfNMgMDrS1C,10B,BRZ922400028,"['pagode', 'samba']"
190,Coração Partido (Corazón Partío) - Ao Vivo,Grupo Menos É Mais,79,160,"pagode, samba",Churrasquinho 3 (Ao Vivo),2024-11-14,03:15,195,65,76,64,0,79,0,20,-8,F#/G♭ Major,4,2025-08-23,6Kyl2nFgU0J8WBlbBvDv6g,2B,BRRGE2400589,"['pagode', 'samba']"
191,Memórias - Ao Vivo,"Grupo Menos É Mais,Luísa Sonza",61,164,"pagode, samba, pop nacional, funk pop, funk",Virado No Pagode (Ao Vivo),2024-04-04,03:00,180,59,71,30,0,49,0,30,-7,F#/G♭ Major,4,2025-08-23,3yxcCxwMAeFWelpMKHZQab,2B,BRRGE2400138,"['pagode', 'samba', 'pop nacional', 'funk pop', 'funk']"
192,Duvido - Ao Vivo,"Turma do Pagode,Ferrugem,Mumuzinho",60,150,"pagode, samba",Mixturadin 3 (Ao Vivo),2025-03-13,02:43,163,58,76,72,0,66,0,80,-5,C♯/D♭ Major,4,2025-08-23,14KMQgJYGx0WMwmSLRnlHd,3B,BXTUP2400003,"['pagode', 'samba']"
193,Apaguei Pra Todos - Ao Vivo,"Ferrugem,Sorriso Maroto",64,140,"pagode, samba",Apaguei Pra Todos (Ao Vivo),2024-04-17,03:18,198,62,73,52,0,50,0,80,-6,E Minor,4,2025-08-23,5lCErzo5pzcERgOL5hScRG,9A,BXG3O2400032,"['pagode', 'samba']"
194,Melação - Ao Vivo,"Zé Neto & Cristiano,Luan Santana",35,105,"sertanejo, sertanejo universitário, arrocha, agronejo","Intenso, Vol. 3 (Ao Vivo)",2024-08-29,02:57,177,70,79,56,0,59,0,80,-4,B Major,4,2025-08-23,2EqXPOTNCQv3awRRYUNl3J,1B,BRRGE2400498,"['sertanejo', 'sertanejo universitário', 'arrocha', 'agronejo']"
195,Xonei,"Jorge & Mateus,Henrique & Juliano",72,164,"sertanejo, sertanejo universitário, arrocha, agronejo",Xonei,2024-08-15,02:34,154,56,82,38,0,70,10,10,-4,A Major,4,2025-08-23,5sKGmZDmkGwFed5dPpZpZL,11B,BRRGE2400563,"['sertanejo', 'sertanejo universitário', 'arrocha', 'agronejo']"
196,Haverá Sinais - Ao Vivo,"Jorge & Mateus,Lauana Prado",68,110,"sertanejo, sertanejo universitário, arrocha, agronejo",Haverá Sinais (Ao Vivo),2024-02-14,03:11,191,75,80,13,0,72,0,10,-4,G#/A♭ Minor,4,2025-08-23,6X6jKoyw1OjogRghMEQAZV,1A,BRRGE2400071,"['sertanejo', 'sertanejo universitário', 'arrocha', 'agronejo']"
197,Dois Tristes - Ao Vivo,Simone Mendes,45,180,"sertanejo, sertanejo universitário, forró, piseiro, agronejo, arrocha",Cantando Sua História (Ao Vivo),2024-11-01,03:09,189,42,81,31,0,56,0,30,-3,D#/E♭ Major,4,2025-08-23,5Yw21ohYvrDOsPN69EUSgj,5B,BRUM72302190,"['sertanejo', 'sertanejo universitário', 'forró', 'piseiro', 'agronejo', 'arrocha']"
198,Vai Lá - Ao Vivo em Goiânia,Maiara & Maraisa,61,176,"sertanejo, sertanejo universitário, piseiro",iMEMsidão,2024-12-13,02:20,140,63,84,24,0,90,10,20,-4,F#/G♭ Minor,4,2025-08-23,6i8D3Na0oRaENYDZHnJolS,11A,BXWOW2400311,"['sertanejo', 'sertanejo universitário', 'piseiro']"
199,Só Fé,Grelo,67,138,"seresta, arrocha, piseiro, forró, brega, sertanejo",É o Grelo,2024-07-19,03:23,203,87,70,51,0,62,0,20,-9,G Minor,4,2025-08-23,0bPP5cDG1ZnbAVCEa3ZbQ1,6A,BC22M2400030,"['seresta', 'arrocha', 'piseiro', 'forró', 'brega', 'sertanejo']"
200,Tão Perto,LVCAS,36,105,rock brasileiro,Humanamente,2024-11-08,04:01,241,54,73,1,0,14,0,30,-5,C♯/D♭ Minor,4,2025-08-23,08HXzeHkMP2hPruTfaJXtP,12A,BXHM32400007,['rock brasileiro']
